<?xml version="1.0" ?>
<parkingInfrasGroups version="1.0" xmlns:xsi="http://www.w3.org/2001/XMLSchema-instance" xsi:noNamespaceSchemaLocation="meta-data/InfrastructureConfig.xsd">
	

	
	

	<infrasGroup id="ETC入口" passStrategy="forceWhiteList" pathType="complex_etc_entry" relatedEntryIds="" uiType="common">
		<infras id="虚拟RSU" infrasType="虚拟RSU" use="true">
			<property name="广场号">
				55
			</property>
			<property name="站编号">
				44
			</property>
			<property name="路公司编号">
				22
			</property>
			<property name="业主编号">
				33
			</property>
			<property name="车道编号">
				66
			</property>
			<property name="路网编号">
				11
			</property>
		</infras>
		<infras id="入口设施模拟" infrasType="虚拟ETC基础设施" use="true">
			<property name="noParam"/>
		</infras>
		<infras id="入口线圈模拟" infrasType="虚拟ETC6线圈地感" use="true">
			<property name="noParam"/>
		</infras>
		<infras id="入口信号模拟" infrasType="虚拟ETC信号" use="true">
			<property name="noParam"/>
		</infras>
	</infrasGroup>
</parkingInfrasGroups>
